Cluster_code,URBAN_RURAC254,fidN200_A,hv270_1_poorest,hv270_2_poor,hv270_3_middle,hv270_4_rich,hv270_5_richest,household_total,mean_score270_comb_R_U,mean270_R_U_separated,median_score_comb_R_U_270,median270a_U_R_separated
TZ001,R,45842,4.00,11.00,6.00,1.00,0.00,22.00,2.00,3.00,2.00,3.00
TZ002,R,45843,3.00,5.00,12.00,1.00,0.00,21.00,3.00,3.00,3.00,3.00
TZ003,U,45844,2.00,1.00,4.00,8.00,7.00,22.00,4.00,2.00,4.00,1.00
TZ004,R,45845,1.00,4.00,6.00,9.00,0.00,20.00,3.00,4.00,3.00,4.00
TZ005,R,45846,10.00,3.00,7.00,1.00,0.00,21.00,2.00,2.00,2.00,2.00
TZ006,R,45847,15.00,2.00,1.00,1.00,0.00,19.00,1.00,2.00,1.00,1.00
TZ007,R,45848,1.00,13.00,3.00,3.00,1.00,21.00,3.00,3.00,2.00,3.00
TZ008,R,45849,1.00,3.00,13.00,3.00,1.00,21.00,3.00,4.00,3.00,4.00
TZ009,R,45850,8.00,5.00,6.00,1.00,0.00,20.00,2.00,3.00,2.00,3.00
TZ010,R,45851,13.00,4.00,0.00,2.00,0.00,19.00,2.00,2.00,1.00,1.00
TZ011,U,45852,3.00,3.00,5.00,8.00,3.00,22.00,3.00,1.00,4.00,1.00
TZ012,R,45853,14.00,3.00,3.00,0.00,0.00,20.00,1.00,2.00,1.00,2.00
TZ013,R,45854,7.00,7.00,6.00,1.00,0.00,21.00,2.00,3.00,2.00,3.00
TZ014,R,45855,0.00,3.00,7.00,11.00,0.00,21.00,3.00,4.00,4.00,5.00
TZ015,U,45856,0.00,0.00,2.00,14.00,6.00,22.00,4.00,2.00,4.00,2.00
TZ016,U,45857,15.00,2.00,2.00,3.00,0.00,22.00,2.00,1.00,1.00,1.00
TZ017,R,45858,3.00,2.00,8.00,9.00,0.00,22.00,3.00,4.00,3.00,4.00
TZ018,R,45859,16.00,4.00,0.00,1.00,1.00,22.00,2.00,2.00,1.00,1.00
TZ019,R,45860,8.00,5.00,0.00,7.00,0.00,20.00,2.00,3.00,2.00,2.00
TZ020,R,45861,1.00,3.00,12.00,4.00,2.00,22.00,3.00,4.00,3.00,4.00
TZ021,U,45862,0.00,0.00,1.00,11.00,9.00,21.00,4.00,3.00,4.00,2.00
TZ022,R,45863,0.00,0.00,3.00,14.00,5.00,22.00,4.00,5.00,4.00,5.00
TZ023,R,45864,0.00,10.00,6.00,4.00,1.00,21.00,3.00,3.00,3.00,3.00
TZ024,R,45865,1.00,6.00,14.00,1.00,0.00,22.00,3.00,4.00,3.00,4.00
TZ025,R,45866,0.00,0.00,4.00,8.00,8.00,20.00,4.00,5.00,4.00,5.00
TZ026,U,45867,0.00,0.00,0.00,4.00,16.00,20.00,5.00,4.00,5.00,4.00
TZ027,U,45868,0.00,0.00,0.00,9.00,13.00,22.00,5.00,3.00,5.00,3.00
TZ028,U,45869,0.00,0.00,1.00,6.00,14.00,21.00,5.00,3.00,5.00,3.00
TZ029,U,45870,0.00,0.00,0.00,3.00,15.00,18.00,5.00,4.00,5.00,4.00
TZ030,U,45871,0.00,0.00,0.00,1.00,20.00,21.00,5.00,5.00,5.00,5.00
TZ031,R,45872,3.00,7.00,9.00,2.00,1.00,22.00,3.00,3.00,3.00,4.00
TZ032,R,45873,1.00,0.00,9.00,11.00,1.00,22.00,4.00,4.00,4.00,5.00
TZ033,U,45874,0.00,0.00,1.00,7.00,12.00,20.00,5.00,3.00,5.00,3.00
TZ034,R,45875,16.00,1.00,2.00,2.00,1.00,22.00,2.00,2.00,1.00,1.00
TZ035,R,45876,19.00,1.00,0.00,0.00,0.00,20.00,1.00,1.00,1.00,1.00
TZ036,R,45877,7.00,10.00,2.00,0.00,0.00,19.00,2.00,2.00,2.00,2.00
TZ037,R,45878,0.00,0.00,0.00,9.00,12.00,21.00,5.00,5.00,5.00,5.00
TZ038,R,45879,5.00,8.00,6.00,2.00,0.00,21.00,2.00,3.00,2.00,3.00
TZ039,R,45880,21.00,0.00,0.00,0.00,0.00,21.00,1.00,1.00,1.00,1.00
TZ040,R,45881,8.00,8.00,4.00,2.00,0.00,22.00,2.00,2.00,2.00,2.00
TZ041,R,45882,0.00,0.00,8.00,12.00,2.00,22.00,4.00,5.00,4.00,5.00
TZ042,R,45883,0.00,3.00,11.00,6.00,0.00,20.00,3.00,4.00,3.00,4.00
TZ043,U,45884,6.00,3.00,7.00,6.00,0.00,22.00,3.00,1.00,3.00,1.00
TZ044,R,45885,2.00,2.00,10.00,7.00,1.00,22.00,3.00,4.00,3.00,4.00
TZ045,R,45886,0.00,0.00,4.00,10.00,8.00,22.00,4.00,5.00,4.00,5.00
TZ046,R,45887,0.00,2.00,5.00,7.00,8.00,22.00,4.00,5.00,4.00,5.00
TZ047,U,45888,0.00,2.00,1.00,11.00,7.00,21.00,4.00,2.00,4.00,2.00
TZ048,R,45889,0.00,0.00,2.00,15.00,4.00,21.00,4.00,5.00,4.00,5.00
TZ049,U,45890,0.00,0.00,1.00,3.00,17.00,21.00,5.00,4.00,5.00,4.00
TZ050,R,45891,0.00,0.00,3.00,13.00,6.00,22.00,4.00,5.00,4.00,5.00
TZ051,R,45892,1.00,1.00,2.00,14.00,4.00,22.00,4.00,5.00,4.00,5.00
TZ052,R,45893,0.00,0.00,0.00,9.00,12.00,21.00,5.00,5.00,5.00,5.00
TZ053,R,45894,0.00,0.00,4.00,15.00,0.00,19.00,4.00,5.00,4.00,5.00
TZ054,R,45895,0.00,1.00,6.00,9.00,6.00,22.00,4.00,5.00,4.00,5.00
TZ055,R,45896,0.00,0.00,1.00,8.00,12.00,21.00,5.00,5.00,5.00,5.00
TZ056,R,45897,0.00,1.00,3.00,10.00,8.00,22.00,4.00,5.00,4.00,5.00
TZ057,R,45898,1.00,5.00,9.00,6.00,1.00,22.00,3.00,4.00,3.00,4.00
TZ058,U,45899,0.00,0.00,0.00,6.00,14.00,20.00,5.00,3.00,5.00,3.00
TZ059,U,45900,0.00,0.00,0.00,4.00,18.00,22.00,5.00,4.00,5.00,4.00
TZ060,U,45901,0.00,0.00,0.00,8.00,13.00,21.00,5.00,3.00,5.00,3.00
TZ061,R,45902,0.00,0.00,6.00,15.00,1.00,22.00,4.00,5.00,4.00,5.00
TZ062,R,45903,0.00,0.00,6.00,7.00,6.00,19.00,4.00,5.00,4.00,5.00
TZ063,R,45904,1.00,7.00,9.00,5.00,0.00,22.00,3.00,4.00,3.00,4.00
TZ064,R,45905,5.00,7.00,5.00,3.00,0.00,20.00,2.00,3.00,2.00,3.00
TZ065,R,45906,3.00,12.00,6.00,1.00,0.00,22.00,2.00,3.00,2.00,3.00
TZ066,R,45907,0.00,7.00,6.00,8.00,1.00,22.00,3.00,4.00,3.00,4.00
TZ067,R,45908,13.00,3.00,4.00,2.00,0.00,22.00,2.00,2.00,1.00,1.00
TZ068,R,45909,0.00,0.00,0.00,3.00,17.00,20.00,5.00,5.00,5.00,5.00
TZ069,R,45910,0.00,3.00,11.00,8.00,0.00,22.00,3.00,4.00,3.00,4.00
TZ070,U,45911,0.00,0.00,0.00,2.00,20.00,22.00,5.00,4.00,5.00,4.00
TZ071,U,45912,2.00,0.00,2.00,9.00,8.00,21.00,4.00,3.00,4.00,2.00
TZ072,U,45913,1.00,2.00,0.00,5.00,12.00,20.00,4.00,3.00,5.00,3.00
TZ073,R,45914,1.00,8.00,7.00,5.00,0.00,21.00,3.00,4.00,3.00,4.00
TZ074,R,45915,1.00,10.00,7.00,2.00,2.00,22.00,3.00,3.00,3.00,3.00
TZ075,R,45916,6.00,8.00,6.00,0.00,0.00,20.00,2.00,3.00,2.00,3.00
TZ076,R,45917,1.00,6.00,13.00,2.00,0.00,22.00,3.00,4.00,3.00,4.00
TZ077,R,45918,11.00,6.00,5.00,0.00,0.00,22.00,2.00,2.00,2.00,2.00
TZ078,R,45919,3.00,7.00,6.00,5.00,1.00,22.00,3.00,3.00,3.00,4.00
TZ079,R,45920,2.00,6.00,7.00,5.00,2.00,22.00,3.00,4.00,3.00,4.00
TZ080,U,45921,0.00,0.00,4.00,10.00,8.00,22.00,4.00,2.00,4.00,2.00
TZ081,U,45922,0.00,0.00,0.00,7.00,14.00,21.00,5.00,3.00,5.00,3.00
TZ082,R,45923,1.00,5.00,6.00,5.00,3.00,20.00,3.00,4.00,3.00,4.00
TZ083,R,45924,4.00,5.00,6.00,5.00,0.00,20.00,3.00,3.00,3.00,3.00
TZ084,U,45925,11.00,1.00,5.00,3.00,0.00,20.00,2.00,1.00,1.00,1.00
TZ085,R,45926,9.00,8.00,3.00,0.00,0.00,20.00,2.00,2.00,2.00,2.00
TZ086,R,45927,2.00,8.00,6.00,6.00,0.00,22.00,3.00,3.00,3.00,4.00
TZ087,R,45928,1.00,7.00,9.00,3.00,0.00,20.00,3.00,3.00,3.00,4.00
TZ088,R,45929,2.00,6.00,10.00,1.00,0.00,19.00,3.00,3.00,3.00,3.00
TZ089,R,45930,5.00,5.00,8.00,2.00,0.00,20.00,2.00,3.00,3.00,3.00
TZ090,U,45931,0.00,0.00,2.00,10.00,6.00,18.00,4.00,2.00,4.00,2.00
TZ091,R,45932,0.00,2.00,4.00,12.00,2.00,20.00,4.00,5.00,4.00,5.00
TZ092,R,45933,6.00,6.00,3.00,3.00,0.00,18.00,2.00,3.00,2.00,2.00
TZ093,R,45934,9.00,6.00,6.00,0.00,0.00,21.00,2.00,2.00,2.00,2.00
TZ094,U,45935,0.00,0.00,0.00,9.00,12.00,21.00,5.00,3.00,5.00,3.00
TZ095,U,45936,0.00,0.00,1.00,10.00,10.00,21.00,4.00,3.00,4.00,2.00
TZ096,U,45937,0.00,0.00,2.00,9.00,8.00,19.00,4.00,3.00,4.00,2.00
TZ097,R,45938,0.00,0.00,1.00,7.00,11.00,19.00,5.00,5.00,5.00,5.00
TZ098,R,45939,3.00,8.00,6.00,1.00,0.00,18.00,2.00,3.00,2.00,3.00
TZ099,R,45940,1.00,5.00,7.00,6.00,0.00,19.00,3.00,4.00,3.00,3.00
TZ100,R,45941,4.00,8.00,8.00,2.00,0.00,22.00,2.00,3.00,2.00,3.00
TZ101,U,45942,0.00,0.00,0.00,9.00,12.00,21.00,5.00,3.00,5.00,3.00
TZ102,R,45943,3.00,6.00,5.00,4.00,1.00,19.00,3.00,3.00,3.00,3.00
TZ103,R,45944,1.00,2.00,10.00,5.00,3.00,21.00,3.00,4.00,3.00,4.00
TZ104,U,45945,0.00,0.00,5.00,13.00,3.00,21.00,4.00,2.00,4.00,2.00
TZ105,R,45946,3.00,7.00,7.00,3.00,0.00,20.00,3.00,3.00,3.00,3.00
TZ106,R,45947,8.00,5.00,5.00,3.00,1.00,22.00,2.00,3.00,2.00,3.00
TZ107,U,45948,0.00,1.00,1.00,3.00,16.00,21.00,5.00,3.00,5.00,3.00
TZ108,R,45949,0.00,3.00,4.00,13.00,0.00,20.00,4.00,4.00,4.00,5.00
TZ109,R,45950,1.00,7.00,10.00,0.00,0.00,18.00,3.00,3.00,3.00,3.00
TZ110,R,45951,0.00,1.00,3.00,14.00,1.00,19.00,4.00,5.00,4.00,5.00
TZ111,R,45952,0.00,13.00,4.00,0.00,0.00,17.00,2.00,3.00,2.00,3.00
TZ112,U,45953,1.00,1.00,8.00,5.00,0.00,15.00,3.00,1.00,3.00,1.00
TZ113,R,45954,1.00,6.00,7.00,6.00,1.00,21.00,3.00,4.00,3.00,3.00
TZ114,R,45955,3.00,12.00,5.00,0.00,0.00,20.00,2.00,3.00,2.00,2.00
TZ115,U,45956,0.00,1.00,2.00,6.00,10.00,19.00,4.00,3.00,5.00,3.00
TZ116,R,45957,2.00,13.00,1.00,0.00,0.00,16.00,2.00,2.00,2.00,2.00
TZ117,R,45958,6.00,6.00,6.00,1.00,0.00,19.00,2.00,3.00,2.00,3.00
TZ118,R,45959,1.00,7.00,6.00,3.00,1.00,18.00,3.00,3.00,3.00,4.00
TZ119,U,45960,0.00,0.00,0.00,8.00,11.00,19.00,5.00,3.00,5.00,3.00
TZ120,U,45961,0.00,0.00,1.00,3.00,16.00,20.00,5.00,3.00,5.00,4.00
TZ121,U,45962,2.00,2.00,5.00,10.00,1.00,20.00,3.00,1.00,4.00,1.00
TZ122,U,45963,0.00,0.00,0.00,3.00,18.00,21.00,5.00,4.00,5.00,4.00
TZ123,U,45964,0.00,0.00,0.00,5.00,17.00,22.00,5.00,3.00,5.00,3.00
TZ124,U,45965,0.00,0.00,0.00,3.00,16.00,19.00,5.00,4.00,5.00,3.00
TZ125,U,45966,0.00,0.00,0.00,1.00,17.00,18.00,5.00,4.00,5.00,4.00
TZ126,U,45967,0.00,0.00,0.00,1.00,17.00,18.00,5.00,4.00,5.00,4.00
TZ127,U,45968,0.00,0.00,0.00,4.00,14.00,18.00,5.00,4.00,5.00,4.00
TZ128,U,45969,0.00,0.00,0.00,2.00,17.00,19.00,5.00,4.00,5.00,4.00
TZ129,U,45970,0.00,0.00,0.00,4.00,12.00,16.00,5.00,4.00,5.00,4.00
TZ130,U,45971,0.00,0.00,0.00,7.00,14.00,21.00,5.00,3.00,5.00,3.00
TZ131,U,45972,0.00,0.00,0.00,0.00,13.00,13.00,5.00,4.00,5.00,5.00
TZ132,U,45973,0.00,0.00,0.00,4.00,18.00,22.00,5.00,4.00,5.00,4.00
TZ133,U,45974,0.00,0.00,0.00,3.00,19.00,22.00,5.00,4.00,5.00,4.00
TZ134,U,45975,0.00,0.00,0.00,1.00,20.00,21.00,5.00,4.00,5.00,5.00
TZ135,U,45976,0.00,0.00,0.00,6.00,14.00,20.00,5.00,4.00,5.00,4.00
TZ136,U,45977,0.00,0.00,0.00,8.00,13.00,21.00,5.00,3.00,5.00,3.00
TZ137,U,45978,0.00,0.00,0.00,0.00,22.00,22.00,5.00,4.00,5.00,4.00
TZ138,U,45979,0.00,0.00,0.00,4.00,17.00,21.00,5.00,3.00,5.00,3.00
TZ139,U,45980,0.00,0.00,0.00,1.00,16.00,17.00,5.00,4.00,5.00,4.00
TZ140,U,45981,0.00,0.00,0.00,1.00,17.00,18.00,5.00,4.00,5.00,4.00
TZ141,U,45982,0.00,0.00,0.00,2.00,12.00,14.00,5.00,4.00,5.00,4.00
TZ142,U,45983,0.00,0.00,0.00,0.00,12.00,12.00,5.00,5.00,5.00,5.00
TZ143,U,45984,0.00,0.00,0.00,1.00,21.00,22.00,5.00,4.00,5.00,5.00
TZ144,U,45985,0.00,0.00,0.00,3.00,17.00,20.00,5.00,4.00,5.00,4.00
TZ145,U,45986,0.00,0.00,0.00,7.00,12.00,19.00,5.00,3.00,5.00,3.00
TZ146,U,45987,2.00,0.00,0.00,14.00,4.00,20.00,4.00,2.00,4.00,2.00
TZ147,U,45988,0.00,0.00,0.00,4.00,18.00,22.00,5.00,4.00,5.00,4.00
TZ148,U,45989,0.00,0.00,0.00,6.00,15.00,21.00,5.00,3.00,5.00,3.00
TZ149,U,45990,0.00,0.00,0.00,3.00,18.00,21.00,5.00,3.00,5.00,3.00
TZ150,U,45991,0.00,0.00,0.00,3.00,17.00,20.00,5.00,4.00,5.00,4.00
TZ151,U,45992,0.00,0.00,0.00,0.00,16.00,16.00,5.00,5.00,5.00,5.00
TZ152,U,45993,0.00,0.00,0.00,0.00,18.00,18.00,5.00,4.00,5.00,4.00
TZ153,U,45994,0.00,0.00,0.00,0.00,12.00,12.00,5.00,4.00,5.00,4.00
TZ154,U,45995,0.00,0.00,0.00,0.00,18.00,18.00,5.00,4.00,5.00,4.00
TZ155,U,45996,0.00,0.00,0.00,5.00,15.00,20.00,5.00,3.00,5.00,4.00
TZ156,U,45997,0.00,0.00,0.00,0.00,19.00,19.00,5.00,4.00,5.00,5.00
TZ157,U,45998,0.00,0.00,0.00,5.00,14.00,19.00,5.00,3.00,5.00,3.00
TZ158,U,45999,0.00,0.00,0.00,2.00,16.00,18.00,5.00,4.00,5.00,4.00
TZ159,R,46000,1.00,2.00,8.00,7.00,1.00,19.00,3.00,4.00,3.00,4.00
TZ160,R,46001,4.00,13.00,4.00,1.00,0.00,22.00,2.00,3.00,2.00,2.00
TZ161,R,46002,7.00,11.00,2.00,0.00,0.00,20.00,2.00,2.00,2.00,2.00
TZ162,R,46003,6.00,9.00,4.00,0.00,0.00,19.00,2.00,2.00,2.00,2.00
TZ163,U,46004,4.00,3.00,2.00,4.00,7.00,20.00,3.00,2.00,4.00,2.00
TZ164,R,46005,2.00,10.00,3.00,3.00,0.00,18.00,2.00,3.00,2.00,3.00
TZ165,R,46006,0.00,1.00,4.00,8.00,7.00,20.00,4.00,5.00,4.00,5.00
TZ166,R,46007,10.00,9.00,3.00,0.00,0.00,22.00,2.00,2.00,2.00,2.00
TZ167,R,46008,0.00,8.00,4.00,6.00,0.00,18.00,3.00,4.00,3.00,4.00
TZ168,U,46009,0.00,0.00,0.00,7.00,10.00,17.00,5.00,3.00,5.00,3.00
TZ169,R,46010,6.00,7.00,6.00,2.00,1.00,22.00,2.00,3.00,2.00,3.00
TZ170,R,46011,4.00,10.00,7.00,1.00,0.00,22.00,2.00,3.00,2.00,3.00
TZ171,R,46012,0.00,5.00,7.00,10.00,0.00,22.00,3.00,4.00,3.00,4.00
TZ172,R,46013,5.00,5.00,7.00,3.00,0.00,20.00,2.00,3.00,3.00,3.00
TZ173,R,46014,3.00,12.00,3.00,3.00,0.00,21.00,2.00,3.00,2.00,3.00
TZ174,R,46015,6.00,8.00,6.00,1.00,0.00,21.00,2.00,3.00,2.00,3.00
TZ175,U,46016,3.00,4.00,4.00,9.00,0.00,20.00,3.00,1.00,3.00,1.00
TZ176,R,46017,4.00,7.00,5.00,3.00,0.00,19.00,2.00,3.00,2.00,3.00
TZ177,R,46018,0.00,4.00,13.00,3.00,0.00,20.00,3.00,4.00,3.00,4.00
TZ178,U,46019,0.00,3.00,6.00,1.00,11.00,21.00,4.00,3.00,5.00,3.00
TZ179,U,46020,1.00,2.00,3.00,5.00,9.00,20.00,4.00,2.00,4.00,2.00
TZ180,R,46021,6.00,6.00,8.00,1.00,0.00,21.00,2.00,3.00,2.00,3.00
TZ181,R,46022,3.00,7.00,7.00,3.00,1.00,21.00,3.00,3.00,3.00,3.00
TZ182,R,46023,0.00,11.00,6.00,2.00,1.00,20.00,3.00,3.00,2.00,3.00
TZ183,U,46024,0.00,0.00,0.00,7.00,13.00,20.00,5.00,3.00,5.00,4.00
TZ184,R,46025,4.00,12.00,2.00,3.00,0.00,21.00,2.00,3.00,2.00,2.00
TZ185,R,46026,8.00,7.00,2.00,2.00,0.00,19.00,2.00,2.00,2.00,2.00
TZ186,R,46027,6.00,7.00,5.00,2.00,0.00,20.00,2.00,3.00,2.00,3.00
TZ187,R,46028,11.00,10.00,1.00,0.00,0.00,22.00,2.00,2.00,2.00,2.00
TZ188,R,46029,3.00,5.00,7.00,5.00,0.00,20.00,3.00,3.00,3.00,4.00
TZ189,R,46030,5.00,8.00,7.00,1.00,0.00,21.00,2.00,3.00,2.00,3.00
TZ190,U,46031,1.00,1.00,5.00,9.00,5.00,21.00,4.00,2.00,4.00,2.00
TZ191,R,46032,1.00,11.00,6.00,3.00,0.00,21.00,3.00,3.00,2.00,3.00
TZ192,R,46033,1.00,8.00,12.00,0.00,0.00,21.00,3.00,3.00,3.00,4.00
TZ193,R,46034,4.00,11.00,2.00,0.00,0.00,17.00,2.00,3.00,2.00,3.00
TZ194,U,46035,2.00,3.00,7.00,9.00,1.00,22.00,3.00,1.00,3.00,1.00
TZ195,U,46036,0.00,0.00,1.00,4.00,17.00,22.00,5.00,3.00,5.00,4.00
TZ196,R,46037,7.00,8.00,4.00,3.00,0.00,22.00,2.00,3.00,2.00,3.00
TZ197,R,46038,12.00,3.00,3.00,2.00,0.00,20.00,2.00,3.00,1.00,2.00
TZ198,R,46039,9.00,4.00,7.00,1.00,0.00,21.00,2.00,2.00,2.00,2.00
TZ199,U,46040,0.00,0.00,0.00,3.00,15.00,18.00,5.00,3.00,5.00,3.00
TZ200,R,46041,3.00,4.00,4.00,5.00,0.00,16.00,3.00,3.00,3.00,3.00
TZ201,R,46042,7.00,12.00,2.00,0.00,0.00,21.00,2.00,2.00,2.00,2.00
TZ202,R,46043,16.00,3.00,2.00,0.00,0.00,21.00,1.00,2.00,1.00,1.00
TZ203,R,46044,10.00,8.00,2.00,2.00,0.00,22.00,2.00,2.00,2.00,2.00
TZ204,U,46045,1.00,0.00,1.00,5.00,13.00,20.00,4.00,3.00,5.00,3.00
TZ205,R,46046,4.00,6.00,6.00,3.00,0.00,19.00,2.00,3.00,2.00,3.00
TZ206,R,46047,7.00,7.00,7.00,1.00,0.00,22.00,2.00,3.00,2.00,2.00
TZ207,R,46048,1.00,10.00,10.00,1.00,0.00,22.00,3.00,3.00,3.00,3.00
TZ208,U,46049,0.00,0.00,0.00,5.00,15.00,20.00,5.00,3.00,5.00,3.00
TZ209,R,46050,0.00,2.00,13.00,5.00,0.00,20.00,3.00,4.00,3.00,4.00
TZ210,R,46051,0.00,1.00,13.00,8.00,0.00,22.00,3.00,4.00,3.00,4.00
TZ211,R,46052,0.00,7.00,10.00,4.00,0.00,21.00,3.00,4.00,3.00,4.00
TZ212,U,46053,0.00,0.00,0.00,7.00,13.00,20.00,5.00,3.00,5.00,3.00
TZ213,U,46054,0.00,0.00,1.00,14.00,7.00,22.00,4.00,2.00,4.00,2.00
TZ214,U,46055,0.00,0.00,0.00,5.00,16.00,21.00,5.00,3.00,5.00,3.00
TZ215,R,46056,0.00,0.00,5.00,12.00,4.00,21.00,4.00,5.00,4.00,5.00
TZ216,U,46057,11.00,2.00,1.00,6.00,1.00,21.00,2.00,1.00,1.00,1.00
TZ217,R,46058,1.00,5.00,10.00,6.00,0.00,22.00,3.00,4.00,3.00,4.00
TZ218,R,46059,0.00,4.00,7.00,9.00,1.00,21.00,3.00,4.00,3.00,4.00
TZ219,R,46060,1.00,7.00,13.00,1.00,0.00,22.00,3.00,3.00,3.00,3.00
TZ220,R,46061,4.00,9.00,5.00,0.00,0.00,18.00,2.00,3.00,2.00,3.00
TZ221,R,46062,1.00,1.00,12.00,7.00,0.00,21.00,3.00,4.00,3.00,4.00
TZ222,R,46063,8.00,6.00,7.00,1.00,0.00,22.00,2.00,2.00,2.00,2.00
TZ223,R,46064,2.00,5.00,7.00,6.00,1.00,21.00,3.00,4.00,3.00,4.00
TZ224,R,46065,7.00,7.00,6.00,0.00,1.00,21.00,2.00,3.00,2.00,3.00
TZ225,R,46066,1.00,4.00,9.00,8.00,0.00,22.00,3.00,4.00,3.00,4.00
TZ226,R,46067,2.00,4.00,6.00,8.00,1.00,21.00,3.00,4.00,3.00,4.00
TZ227,U,46068,0.00,0.00,0.00,14.00,8.00,22.00,4.00,2.00,4.00,2.00
TZ228,R,46069,2.00,4.00,8.00,7.00,0.00,21.00,3.00,4.00,3.00,4.00
TZ229,R,46070,2.00,3.00,13.00,2.00,0.00,20.00,3.00,3.00,3.00,4.00
TZ230,R,46071,5.00,6.00,7.00,2.00,0.00,20.00,2.00,3.00,2.00,3.00
TZ231,R,46072,1.00,10.00,10.00,1.00,0.00,22.00,3.00,3.00,3.00,3.00
TZ232,U,46073,0.00,0.00,0.00,8.00,13.00,21.00,5.00,3.00,5.00,4.00
TZ233,U,46074,0.00,0.00,0.00,3.00,17.00,20.00,5.00,4.00,5.00,4.00
TZ234,U,46075,0.00,0.00,3.00,3.00,15.00,21.00,5.00,3.00,5.00,4.00
TZ235,R,46076,0.00,1.00,5.00,12.00,3.00,21.00,4.00,5.00,4.00,5.00
TZ236,R,46077,0.00,0.00,4.00,10.00,6.00,20.00,4.00,5.00,4.00,5.00
TZ237,R,46078,8.00,8.00,2.00,2.00,0.00,20.00,2.00,2.00,2.00,2.00
TZ238,R,46079,0.00,6.00,9.00,3.00,1.00,19.00,3.00,4.00,3.00,3.00
TZ239,U,46080,0.00,0.00,1.00,4.00,15.00,20.00,5.00,3.00,5.00,3.00
TZ240,U,46081,0.00,0.00,0.00,3.00,17.00,20.00,5.00,3.00,5.00,3.00
TZ241,R,46082,7.00,3.00,8.00,2.00,0.00,20.00,2.00,3.00,3.00,3.00
TZ242,U,46083,0.00,1.00,3.00,13.00,4.00,21.00,4.00,2.00,4.00,2.00
TZ243,R,46084,1.00,6.00,7.00,5.00,3.00,22.00,3.00,4.00,3.00,4.00
TZ244,R,46085,3.00,8.00,6.00,4.00,0.00,21.00,3.00,3.00,2.00,3.00
TZ245,R,46086,4.00,9.00,6.00,2.00,0.00,21.00,2.00,3.00,2.00,3.00
TZ246,R,46087,1.00,3.00,10.00,7.00,0.00,21.00,3.00,4.00,3.00,4.00
TZ247,U,46088,0.00,0.00,0.00,8.00,11.00,19.00,5.00,3.00,5.00,3.00
TZ248,R,46089,7.00,9.00,2.00,1.00,0.00,19.00,2.00,2.00,2.00,2.00
TZ249,R,46090,0.00,3.00,8.00,9.00,0.00,20.00,3.00,4.00,3.00,4.00
TZ250,R,46091,3.00,9.00,7.00,1.00,0.00,20.00,2.00,3.00,2.00,3.00
TZ251,R,46092,1.00,5.00,11.00,4.00,0.00,21.00,3.00,4.00,3.00,4.00
TZ252,R,46093,1.00,7.00,10.00,4.00,0.00,22.00,3.00,4.00,3.00,4.00
TZ253,R,46094,0.00,2.00,14.00,5.00,1.00,22.00,3.00,4.00,3.00,4.00
TZ254,U,46095,0.00,0.00,3.00,9.00,9.00,21.00,4.00,2.00,4.00,2.00
TZ255,R,46096,9.00,9.00,1.00,1.00,0.00,20.00,2.00,2.00,2.00,2.00
TZ256,U,46097,0.00,0.00,0.00,0.00,18.00,18.00,5.00,5.00,5.00,5.00
TZ257,U,46098,0.00,0.00,1.00,3.00,17.00,21.00,5.00,4.00,5.00,4.00
TZ258,U,46099,0.00,0.00,0.00,15.00,6.00,21.00,4.00,2.00,4.00,2.00
TZ259,R,46100,11.00,8.00,2.00,0.00,0.00,21.00,2.00,2.00,1.00,2.00
TZ260,U,46101,0.00,0.00,0.00,11.00,8.00,19.00,4.00,2.00,4.00,2.00
TZ261,R,46102,11.00,7.00,2.00,0.00,0.00,20.00,2.00,2.00,1.00,2.00
TZ262,R,46103,4.00,6.00,6.00,6.00,0.00,22.00,3.00,3.00,3.00,4.00
TZ263,R,46104,1.00,4.00,7.00,4.00,5.00,21.00,3.00,4.00,3.00,4.00
TZ264,R,46105,5.00,7.00,4.00,5.00,0.00,21.00,2.00,3.00,2.00,3.00
TZ265,R,46106,13.00,6.00,2.00,0.00,0.00,21.00,1.00,2.00,1.00,1.00
TZ266,R,46107,7.00,8.00,5.00,1.00,0.00,21.00,2.00,3.00,2.00,2.00
TZ267,R,46108,8.00,8.00,6.00,0.00,0.00,22.00,2.00,2.00,2.00,2.00
TZ268,U,46109,0.00,0.00,1.00,5.00,13.00,19.00,5.00,3.00,5.00,3.00
TZ269,R,46110,14.00,6.00,1.00,1.00,0.00,22.00,2.00,2.00,1.00,1.00
TZ270,R,46111,9.00,6.00,1.00,1.00,0.00,17.00,2.00,2.00,1.00,2.00
TZ271,R,46112,18.00,1.00,2.00,1.00,0.00,22.00,1.00,2.00,1.00,1.00
TZ272,R,46113,6.00,9.00,4.00,3.00,0.00,22.00,2.00,3.00,2.00,3.00
TZ273,U,46114,0.00,0.00,0.00,8.00,12.00,20.00,5.00,3.00,5.00,3.00
TZ274,U,46115,0.00,0.00,0.00,3.00,15.00,18.00,5.00,4.00,5.00,4.00
TZ275,R,46116,6.00,10.00,3.00,2.00,1.00,22.00,2.00,3.00,2.00,2.00
TZ276,U,46117,0.00,0.00,2.00,8.00,10.00,20.00,4.00,3.00,5.00,3.00
TZ277,R,46118,15.00,4.00,1.00,2.00,0.00,22.00,2.00,2.00,1.00,1.00
TZ278,R,46119,2.00,4.00,8.00,5.00,3.00,22.00,3.00,4.00,3.00,4.00
TZ279,R,46120,12.00,4.00,5.00,0.00,0.00,21.00,2.00,2.00,1.00,2.00
TZ280,R,46121,3.00,6.00,10.00,3.00,0.00,22.00,3.00,3.00,3.00,4.00
TZ281,R,46122,1.00,8.00,8.00,4.00,0.00,21.00,3.00,3.00,3.00,3.00
TZ282,R,46123,11.00,6.00,2.00,3.00,0.00,22.00,2.00,2.00,2.00,2.00
TZ283,R,46124,13.00,6.00,1.00,1.00,0.00,21.00,2.00,2.00,1.00,1.00
TZ284,R,46125,9.00,9.00,3.00,1.00,0.00,22.00,2.00,2.00,2.00,2.00
TZ285,R,46126,19.00,3.00,0.00,0.00,0.00,22.00,1.00,2.00,1.00,2.00
TZ286,U,46127,0.00,0.00,0.00,9.00,13.00,22.00,5.00,3.00,5.00,4.00
TZ287,R,46128,10.00,8.00,3.00,0.00,0.00,21.00,2.00,2.00,2.00,2.00
TZ288,R,46129,14.00,4.00,2.00,0.00,0.00,20.00,1.00,2.00,1.00,1.00
TZ289,R,46130,14.00,6.00,1.00,0.00,0.00,21.00,1.00,1.00,1.00,1.00
TZ290,R,46131,14.00,6.00,2.00,0.00,0.00,22.00,1.00,2.00,1.00,1.00
TZ291,R,46132,1.00,5.00,3.00,10.00,2.00,21.00,3.00,4.00,4.00,5.00
TZ292,R,46133,10.00,10.00,1.00,1.00,0.00,22.00,2.00,2.00,2.00,2.00
TZ293,R,46134,2.00,12.00,4.00,3.00,0.00,21.00,2.00,3.00,2.00,3.00
TZ294,R,46135,10.00,7.00,2.00,2.00,0.00,21.00,2.00,2.00,2.00,2.00
TZ295,U,46136,0.00,0.00,0.00,8.00,12.00,20.00,5.00,3.00,5.00,3.00
TZ296,R,46137,11.00,8.00,1.00,1.00,0.00,21.00,2.00,2.00,1.00,2.00
TZ297,U,46138,0.00,0.00,2.00,12.00,8.00,22.00,4.00,2.00,4.00,2.00
TZ298,U,46139,0.00,0.00,4.00,9.00,9.00,22.00,4.00,2.00,4.00,2.00
TZ299,R,46140,0.00,7.00,9.00,6.00,0.00,22.00,3.00,4.00,3.00,4.00
TZ300,R,46141,12.00,7.00,0.00,0.00,0.00,19.00,1.00,2.00,1.00,1.00
TZ301,R,46142,16.00,4.00,2.00,0.00,0.00,22.00,1.00,2.00,1.00,1.00
TZ302,R,46143,5.00,5.00,7.00,2.00,0.00,19.00,2.00,3.00,2.00,3.00
TZ303,R,46144,14.00,5.00,3.00,0.00,0.00,22.00,2.00,2.00,1.00,1.00
TZ304,R,46145,9.00,7.00,3.00,1.00,1.00,21.00,2.00,2.00,2.00,2.00
TZ305,R,46146,7.00,6.00,6.00,2.00,0.00,21.00,2.00,3.00,2.00,3.00
TZ306,R,46147,11.00,4.00,7.00,0.00,0.00,22.00,2.00,2.00,2.00,2.00
TZ307,R,46148,3.00,8.00,3.00,6.00,1.00,21.00,3.00,3.00,2.00,3.00
TZ308,R,46149,8.00,8.00,5.00,0.00,0.00,21.00,2.00,3.00,2.00,2.00
TZ309,R,46150,9.00,5.00,7.00,0.00,0.00,21.00,2.00,2.00,2.00,2.00
TZ310,R,46151,16.00,4.00,1.00,0.00,0.00,21.00,1.00,1.00,1.00,1.00
TZ311,U,46152,1.00,0.00,4.00,13.00,3.00,21.00,4.00,2.00,4.00,2.00
TZ312,R,46153,1.00,6.00,8.00,3.00,0.00,18.00,3.00,4.00,3.00,4.00
TZ313,R,46154,3.00,1.00,6.00,9.00,2.00,21.00,3.00,4.00,4.00,5.00
TZ314,R,46155,2.00,3.00,7.00,7.00,0.00,19.00,3.00,4.00,3.00,4.00
TZ315,R,46156,1.00,3.00,12.00,4.00,0.00,20.00,3.00,4.00,3.00,4.00
TZ316,U,46157,9.00,4.00,5.00,4.00,0.00,22.00,2.00,1.00,2.00,1.00
TZ317,U,46158,0.00,1.00,7.00,12.00,1.00,21.00,4.00,2.00,4.00,2.00
TZ318,U,46159,0.00,0.00,0.00,4.00,17.00,21.00,5.00,4.00,5.00,4.00
TZ319,U,46160,0.00,1.00,2.00,12.00,6.00,21.00,4.00,2.00,4.00,2.00
TZ320,R,46161,1.00,5.00,12.00,4.00,0.00,22.00,3.00,4.00,3.00,4.00
TZ321,R,46162,5.00,6.00,5.00,6.00,0.00,22.00,3.00,3.00,3.00,3.00
TZ322,U,46163,0.00,2.00,2.00,4.00,11.00,19.00,4.00,3.00,5.00,3.00
TZ323,U,46164,0.00,0.00,0.00,6.00,14.00,20.00,5.00,3.00,5.00,3.00
TZ324,R,46165,2.00,11.00,9.00,0.00,0.00,22.00,2.00,3.00,2.00,3.00
TZ325,R,46166,10.00,6.00,3.00,1.00,0.00,20.00,2.00,2.00,2.00,2.00
TZ326,R,46167,4.00,6.00,7.00,1.00,0.00,18.00,2.00,3.00,2.00,3.00
TZ327,R,46168,0.00,10.00,9.00,3.00,0.00,22.00,3.00,4.00,3.00,3.00
TZ328,R,46169,12.00,6.00,0.00,0.00,0.00,18.00,1.00,2.00,1.00,2.00
TZ329,R,46170,2.00,6.00,7.00,5.00,0.00,20.00,3.00,4.00,3.00,4.00
TZ330,R,46171,0.00,10.00,6.00,5.00,1.00,22.00,3.00,4.00,3.00,4.00
TZ331,U,46172,0.00,0.00,1.00,7.00,13.00,21.00,5.00,3.00,5.00,3.00
TZ332,U,46173,0.00,1.00,1.00,5.00,15.00,22.00,5.00,3.00,5.00,3.00
TZ333,U,46174,0.00,0.00,0.00,0.00,20.00,20.00,5.00,5.00,5.00,5.00
TZ334,R,46175,5.00,8.00,5.00,3.00,0.00,21.00,2.00,3.00,2.00,2.00
TZ335,R,46176,8.00,7.00,4.00,1.00,0.00,20.00,2.00,2.00,2.00,2.00
TZ336,R,46177,5.00,7.00,7.00,1.00,0.00,20.00,2.00,3.00,2.00,3.00
TZ337,R,46178,10.00,6.00,1.00,0.00,0.00,17.00,1.00,2.00,1.00,2.00
TZ338,R,46179,1.00,7.00,9.00,4.00,1.00,22.00,3.00,4.00,3.00,4.00
TZ339,R,46180,1.00,4.00,11.00,5.00,0.00,21.00,3.00,4.00,3.00,4.00
TZ340,R,46181,1.00,5.00,11.00,3.00,1.00,21.00,3.00,4.00,3.00,4.00
TZ341,R,46182,6.00,11.00,5.00,0.00,0.00,22.00,2.00,2.00,2.00,2.00
TZ342,R,46183,0.00,7.00,15.00,0.00,0.00,22.00,3.00,3.00,3.00,4.00
TZ343,U,46184,0.00,1.00,1.00,12.00,7.00,21.00,4.00,2.00,4.00,2.00
TZ344,U,46185,0.00,0.00,0.00,5.00,17.00,22.00,5.00,3.00,5.00,4.00
TZ345,U,46186,0.00,0.00,1.00,11.00,8.00,20.00,4.00,3.00,4.00,2.00
TZ346,R,46187,10.00,9.00,2.00,0.00,0.00,21.00,2.00,2.00,2.00,2.00
TZ347,R,46188,12.00,4.00,5.00,1.00,0.00,22.00,2.00,2.00,1.00,2.00
TZ348,R,46189,15.00,4.00,2.00,0.00,0.00,21.00,1.00,2.00,1.00,1.00
TZ349,R,46190,8.00,7.00,5.00,2.00,0.00,22.00,2.00,3.00,2.00,2.00
TZ350,R,46191,5.00,8.00,7.00,1.00,0.00,21.00,2.00,3.00,2.00,3.00
TZ351,R,46192,12.00,10.00,0.00,0.00,0.00,22.00,1.00,2.00,1.00,2.00
TZ352,R,46193,10.00,4.00,4.00,3.00,0.00,21.00,2.00,2.00,2.00,2.00
TZ353,U,46194,0.00,0.00,0.00,8.00,11.00,19.00,5.00,3.00,5.00,3.00
TZ354,R,46195,9.00,6.00,7.00,0.00,0.00,22.00,2.00,2.00,2.00,3.00
TZ355,R,46196,12.00,6.00,4.00,0.00,0.00,22.00,2.00,2.00,1.00,2.00
TZ356,R,46197,5.00,8.00,6.00,3.00,0.00,22.00,2.00,3.00,2.00,3.00
TZ357,R,46198,3.00,6.00,5.00,6.00,0.00,20.00,3.00,3.00,3.00,4.00
TZ358,R,46199,7.00,13.00,1.00,0.00,0.00,21.00,2.00,2.00,2.00,2.00
TZ359,R,46200,9.00,7.00,3.00,0.00,0.00,19.00,2.00,2.00,2.00,2.00
TZ360,U,46201,0.00,0.00,1.00,5.00,16.00,22.00,5.00,3.00,5.00,3.00
TZ361,R,46202,3.00,2.00,3.00,13.00,0.00,21.00,3.00,4.00,4.00,5.00
TZ362,U,46203,0.00,0.00,0.00,2.00,18.00,20.00,5.00,4.00,5.00,4.00
TZ363,R,46204,4.00,6.00,4.00,7.00,0.00,21.00,3.00,3.00,3.00,4.00
TZ364,R,46205,0.00,1.00,14.00,5.00,1.00,21.00,3.00,4.00,3.00,4.00
TZ365,R,46206,0.00,14.00,7.00,1.00,0.00,22.00,2.00,3.00,2.00,3.00
TZ366,R,46207,1.00,8.00,9.00,4.00,0.00,22.00,3.00,4.00,3.00,3.00
TZ367,R,46208,0.00,5.00,7.00,6.00,2.00,20.00,3.00,4.00,3.00,4.00
TZ368,R,46209,1.00,4.00,6.00,10.00,0.00,21.00,3.00,4.00,3.00,4.00
TZ369,R,46210,3.00,8.00,4.00,4.00,0.00,19.00,2.00,3.00,2.00,3.00
TZ370,R,46211,2.00,3.00,7.00,6.00,0.00,18.00,3.00,4.00,3.00,4.00
TZ371,R,46212,9.00,7.00,4.00,0.00,0.00,20.00,2.00,2.00,2.00,2.00
TZ372,U,46213,0.00,0.00,5.00,10.00,7.00,22.00,4.00,2.00,4.00,2.00
TZ373,R,46214,0.00,4.00,12.00,4.00,0.00,20.00,3.00,4.00,3.00,4.00
TZ374,R,46215,13.00,7.00,2.00,0.00,0.00,22.00,2.00,2.00,1.00,2.00
TZ375,R,46216,7.00,7.00,5.00,1.00,0.00,20.00,2.00,2.00,2.00,2.00
TZ376,R,46217,1.00,11.00,5.00,2.00,2.00,21.00,3.00,3.00,2.00,3.00
TZ377,R,46218,7.00,12.00,1.00,1.00,0.00,21.00,2.00,2.00,2.00,2.00
TZ378,R,46219,2.00,15.00,5.00,0.00,0.00,22.00,2.00,3.00,2.00,3.00
TZ379,U,46220,0.00,0.00,2.00,13.00,7.00,22.00,4.00,2.00,4.00,2.00
TZ380,U,46221,0.00,0.00,0.00,2.00,17.00,19.00,5.00,3.00,5.00,3.00
TZ381,R,46222,0.00,2.00,9.00,8.00,2.00,21.00,3.00,4.00,3.00,4.00
TZ382,R,46223,4.00,11.00,5.00,1.00,1.00,22.00,2.00,3.00,2.00,3.00
TZ383,R,46224,1.00,8.00,7.00,6.00,0.00,22.00,3.00,4.00,3.00,4.00
TZ384,R,46225,1.00,8.00,11.00,2.00,0.00,22.00,3.00,3.00,3.00,3.00
TZ385,U,46226,0.00,0.00,6.00,11.00,3.00,20.00,4.00,2.00,4.00,1.00
TZ386,R,46227,0.00,1.00,9.00,7.00,5.00,22.00,4.00,4.00,4.00,5.00
TZ387,R,46228,6.00,5.00,5.00,2.00,0.00,18.00,2.00,3.00,2.00,3.00
TZ388,R,46229,7.00,9.00,6.00,0.00,0.00,22.00,2.00,3.00,2.00,3.00
TZ389,R,46230,1.00,8.00,9.00,2.00,0.00,20.00,3.00,3.00,3.00,4.00
TZ390,U,46231,0.00,0.00,0.00,12.00,9.00,21.00,4.00,3.00,4.00,2.00
TZ391,U,46232,0.00,0.00,0.00,5.00,17.00,22.00,5.00,3.00,5.00,4.00
TZ392,U,46233,8.00,3.00,2.00,7.00,0.00,20.00,2.00,1.00,2.00,1.00
TZ393,R,46234,6.00,10.00,4.00,2.00,0.00,22.00,2.00,3.00,2.00,2.00
TZ394,R,46235,10.00,6.00,3.00,2.00,0.00,21.00,2.00,2.00,2.00,2.00
TZ395,U,46236,13.00,3.00,1.00,2.00,0.00,19.00,2.00,1.00,1.00,1.00
TZ396,R,46237,1.00,9.00,5.00,5.00,0.00,20.00,3.00,3.00,3.00,3.00
TZ397,R,46238,2.00,10.00,7.00,2.00,0.00,21.00,2.00,3.00,2.00,3.00
TZ398,R,46239,0.00,1.00,11.00,6.00,0.00,18.00,3.00,4.00,3.00,4.00
TZ399,R,46240,0.00,2.00,8.00,9.00,0.00,19.00,3.00,4.00,3.00,4.00
TZ400,U,46241,0.00,0.00,0.00,2.00,19.00,21.00,5.00,4.00,5.00,5.00
TZ401,U,46242,0.00,0.00,0.00,2.00,19.00,21.00,5.00,4.00,5.00,4.00
TZ402,U,46243,0.00,0.00,0.00,3.00,14.00,17.00,5.00,4.00,5.00,5.00
TZ403,R,46244,8.00,9.00,4.00,0.00,0.00,21.00,2.00,2.00,2.00,2.00
TZ404,R,46245,9.00,9.00,3.00,0.00,0.00,21.00,2.00,2.00,2.00,2.00
TZ405,R,46246,4.00,5.00,11.00,2.00,0.00,22.00,3.00,3.00,3.00,4.00
TZ406,R,46247,17.00,3.00,1.00,0.00,0.00,21.00,1.00,2.00,1.00,1.00
TZ407,R,46248,0.00,2.00,5.00,6.00,7.00,20.00,4.00,5.00,4.00,5.00
TZ408,U,46249,3.00,1.00,3.00,13.00,2.00,22.00,3.00,2.00,4.00,1.00
TZ409,R,46250,8.00,6.00,6.00,2.00,0.00,22.00,2.00,3.00,2.00,3.00
TZ410,R,46251,3.00,1.00,10.00,5.00,0.00,19.00,3.00,4.00,3.00,4.00
TZ411,R,46252,13.00,8.00,1.00,0.00,0.00,22.00,1.00,2.00,1.00,1.00
TZ412,R,46253,0.00,0.00,2.00,15.00,4.00,21.00,4.00,5.00,4.00,5.00
TZ413,R,46254,0.00,3.00,13.00,5.00,0.00,21.00,3.00,4.00,3.00,4.00
TZ414,R,46255,5.00,9.00,5.00,0.00,0.00,19.00,2.00,3.00,2.00,3.00
TZ415,U,46256,0.00,0.00,0.00,2.00,17.00,19.00,5.00,4.00,5.00,3.00
TZ416,R,46257,3.00,6.00,7.00,5.00,0.00,21.00,3.00,3.00,3.00,3.00
TZ417,R,46258,0.00,1.00,8.00,11.00,2.00,22.00,4.00,5.00,4.00,5.00
TZ418,U,46259,0.00,0.00,0.00,6.00,13.00,19.00,5.00,3.00,5.00,3.00
TZ419,U,46260,0.00,1.00,3.00,4.00,12.00,20.00,4.00,3.00,5.00,4.00
TZ420,U,46261,2.00,2.00,6.00,8.00,4.00,22.00,3.00,2.00,4.00,1.00
TZ421,R,46262,7.00,7.00,4.00,3.00,0.00,21.00,2.00,3.00,2.00,2.00
TZ422,R,46263,9.00,4.00,5.00,3.00,0.00,21.00,2.00,3.00,2.00,3.00
TZ423,R,46264,7.00,6.00,3.00,6.00,0.00,22.00,2.00,3.00,2.00,3.00
TZ424,R,46265,1.00,1.00,4.00,7.00,7.00,20.00,4.00,5.00,4.00,5.00
TZ425,R,46266,11.00,6.00,4.00,1.00,0.00,22.00,2.00,2.00,2.00,2.00
TZ426,R,46267,1.00,3.00,11.00,6.00,0.00,21.00,3.00,4.00,3.00,4.00
TZ427,R,46268,7.00,6.00,4.00,4.00,0.00,21.00,2.00,3.00,2.00,3.00
TZ428,R,46269,4.00,8.00,4.00,5.00,0.00,21.00,2.00,3.00,2.00,3.00
TZ429,R,46270,1.00,3.00,8.00,9.00,1.00,22.00,3.00,4.00,3.00,4.00
TZ430,R,46271,4.00,5.00,6.00,5.00,1.00,21.00,3.00,3.00,3.00,3.00
TZ431,R,46272,11.00,5.00,6.00,0.00,0.00,22.00,2.00,2.00,2.00,2.00
TZ432,R,46273,5.00,8.00,9.00,0.00,0.00,22.00,2.00,3.00,2.00,3.00
TZ433,U,46274,1.00,1.00,2.00,9.00,9.00,22.00,4.00,3.00,4.00,2.00
TZ434,R,46275,6.00,2.00,7.00,3.00,4.00,22.00,3.00,3.00,3.00,4.00
TZ435,R,46276,20.00,0.00,1.00,1.00,0.00,22.00,1.00,1.00,1.00,1.00
TZ436,R,46277,6.00,4.00,7.00,5.00,0.00,22.00,3.00,3.00,3.00,3.00
TZ437,U,46278,10.00,4.00,2.00,4.00,1.00,21.00,2.00,1.00,2.00,1.00
TZ438,R,46279,19.00,2.00,1.00,0.00,0.00,22.00,1.00,1.00,1.00,1.00
TZ439,R,46280,13.00,1.00,1.00,3.00,0.00,18.00,2.00,2.00,1.00,1.00
TZ440,R,46281,9.00,4.00,2.00,5.00,2.00,22.00,2.00,3.00,2.00,3.00
TZ441,R,46282,22.00,0.00,0.00,0.00,0.00,22.00,1.00,1.00,1.00,1.00
TZ442,R,46283,4.00,14.00,3.00,1.00,0.00,22.00,2.00,3.00,2.00,2.00
TZ443,R,46284,8.00,7.00,4.00,2.00,0.00,21.00,2.00,2.00,2.00,2.00
TZ444,U,46285,0.00,0.00,5.00,6.00,10.00,21.00,4.00,3.00,4.00,3.00
TZ445,U,46286,0.00,0.00,0.00,5.00,14.00,19.00,5.00,3.00,5.00,3.00
TZ446,U,46287,0.00,0.00,0.00,4.00,15.00,19.00,5.00,4.00,5.00,4.00
TZ447,R,46288,1.00,2.00,11.00,8.00,0.00,22.00,3.00,4.00,3.00,4.00
TZ448,U,46289,0.00,0.00,1.00,4.00,13.00,18.00,5.00,3.00,5.00,3.00
TZ449,R,46290,0.00,6.00,13.00,2.00,0.00,21.00,3.00,4.00,3.00,4.00
TZ450,R,46291,0.00,2.00,10.00,10.00,0.00,22.00,3.00,4.00,3.00,4.00
TZ451,R,46292,3.00,2.00,5.00,11.00,0.00,21.00,3.00,4.00,4.00,5.00
TZ452,R,46293,1.00,1.00,10.00,2.00,0.00,14.00,3.00,4.00,3.00,4.00
TZ453,R,46294,0.00,3.00,7.00,10.00,0.00,20.00,3.00,4.00,4.00,5.00
TZ454,R,46295,0.00,9.00,12.00,1.00,0.00,22.00,3.00,3.00,3.00,3.00
TZ455,R,46296,5.00,7.00,2.00,8.00,0.00,22.00,3.00,3.00,2.00,3.00
TZ456,R,46297,0.00,8.00,8.00,5.00,0.00,21.00,3.00,4.00,3.00,4.00
TZ457,R,46298,3.00,4.00,4.00,11.00,0.00,22.00,3.00,4.00,4.00,5.00
TZ458,R,46299,3.00,5.00,7.00,4.00,0.00,19.00,3.00,3.00,3.00,3.00
TZ459,U,46300,0.00,1.00,2.00,15.00,2.00,20.00,4.00,2.00,4.00,1.00
TZ460,R,46301,2.00,2.00,9.00,6.00,2.00,21.00,3.00,4.00,3.00,4.00
TZ461,R,46302,0.00,2.00,7.00,10.00,0.00,19.00,3.00,4.00,4.00,5.00
TZ462,R,46303,10.00,10.00,1.00,1.00,0.00,22.00,2.00,2.00,2.00,2.00
TZ463,U,46304,0.00,0.00,0.00,5.00,14.00,19.00,5.00,3.00,5.00,4.00
TZ464,U,46305,0.00,0.00,0.00,11.00,9.00,20.00,4.00,2.00,4.00,2.00
TZ465,R,46306,7.00,5.00,8.00,2.00,0.00,22.00,2.00,3.00,2.00,3.00
TZ466,R,46307,4.00,2.00,7.00,5.00,1.00,19.00,3.00,3.00,3.00,4.00
TZ467,U,46308,0.00,1.00,1.00,8.00,7.00,17.00,4.00,2.00,4.00,3.00
TZ468,U,46309,0.00,0.00,0.00,4.00,15.00,19.00,5.00,3.00,5.00,3.00
TZ469,U,46310,1.00,1.00,3.00,9.00,2.00,16.00,4.00,2.00,4.00,1.00
TZ470,U,46311,0.00,0.00,1.00,5.00,15.00,21.00,5.00,3.00,5.00,3.00
TZ471,U,46312,0.00,1.00,4.00,14.00,2.00,21.00,4.00,2.00,4.00,2.00
TZ472,R,46313,10.00,5.00,1.00,0.00,0.00,16.00,1.00,2.00,1.00,1.00
TZ473,R,46314,3.00,6.00,7.00,4.00,0.00,20.00,3.00,3.00,3.00,3.00
TZ474,R,46315,4.00,6.00,9.00,2.00,0.00,21.00,2.00,3.00,3.00,3.00
TZ475,R,46316,5.00,4.00,11.00,0.00,0.00,20.00,2.00,3.00,3.00,4.00
TZ476,U,46317,1.00,0.00,3.00,15.00,2.00,21.00,4.00,2.00,4.00,2.00
TZ477,R,46318,3.00,5.00,9.00,0.00,0.00,17.00,2.00,3.00,3.00,3.00
TZ478,R,46319,15.00,3.00,1.00,1.00,0.00,20.00,1.00,2.00,1.00,1.00
TZ479,R,46320,11.00,6.00,3.00,1.00,0.00,21.00,2.00,2.00,1.00,2.00
TZ480,R,46321,2.00,3.00,2.00,11.00,0.00,18.00,3.00,4.00,4.00,5.00
TZ481,R,46322,11.00,6.00,4.00,0.00,0.00,21.00,2.00,2.00,1.00,2.00
TZ482,R,46323,2.00,0.00,3.00,13.00,1.00,19.00,4.00,4.00,4.00,5.00
TZ483,R,46324,5.00,5.00,7.00,1.00,3.00,21.00,3.00,3.00,3.00,3.00
TZ484,R,46325,6.00,5.00,6.00,2.00,0.00,19.00,2.00,3.00,2.00,2.00
TZ485,R,46326,9.00,5.00,0.00,0.00,0.00,14.00,1.00,2.00,1.00,2.00
TZ486,R,46327,8.00,8.00,1.00,3.00,0.00,20.00,2.00,3.00,2.00,2.00
TZ487,R,46328,8.00,9.00,3.00,0.00,0.00,20.00,2.00,2.00,2.00,2.00
TZ488,R,46329,7.00,10.00,4.00,1.00,0.00,22.00,2.00,3.00,2.00,2.00
TZ489,R,46330,5.00,10.00,5.00,1.00,0.00,21.00,2.00,3.00,2.00,3.00
TZ490,R,46331,3.00,5.00,9.00,3.00,1.00,21.00,3.00,3.00,3.00,4.00
TZ491,R,46332,0.00,1.00,7.00,10.00,2.00,20.00,4.00,5.00,4.00,5.00
TZ492,R,46333,4.00,12.00,5.00,0.00,0.00,21.00,2.00,3.00,2.00,2.00
TZ493,R,46334,3.00,8.00,8.00,0.00,0.00,19.00,2.00,3.00,2.00,3.00
TZ494,U,46335,11.00,5.00,4.00,1.00,0.00,21.00,2.00,1.00,1.00,1.00
TZ495,R,46336,6.00,12.00,4.00,0.00,0.00,22.00,2.00,2.00,2.00,2.00
TZ496,R,46337,18.00,3.00,0.00,1.00,0.00,22.00,1.00,1.00,1.00,1.00
TZ497,R,46338,6.00,15.00,1.00,0.00,0.00,22.00,2.00,2.00,2.00,2.00
TZ498,R,46339,16.00,4.00,1.00,1.00,0.00,22.00,1.00,2.00,1.00,1.00
TZ499,R,46340,9.00,8.00,3.00,0.00,0.00,20.00,2.00,2.00,2.00,2.00
TZ500,R,46341,4.00,3.00,3.00,4.00,7.00,21.00,3.00,4.00,4.00,5.00
TZ501,R,46342,20.00,1.00,1.00,0.00,0.00,22.00,1.00,1.00,1.00,1.00
TZ502,R,46343,4.00,9.00,5.00,3.00,1.00,22.00,2.00,3.00,2.00,3.00
TZ503,R,46344,2.00,4.00,8.00,6.00,2.00,22.00,3.00,4.00,3.00,4.00
TZ504,R,46345,2.00,8.00,7.00,2.00,0.00,19.00,2.00,3.00,2.00,3.00
TZ505,U,46346,0.00,0.00,3.00,10.00,7.00,20.00,4.00,2.00,4.00,2.00
TZ506,R,46347,10.00,7.00,3.00,1.00,0.00,21.00,2.00,2.00,2.00,2.00
TZ507,R,46348,2.00,5.00,14.00,0.00,0.00,21.00,3.00,3.00,3.00,3.00
TZ508,U,46349,3.00,2.00,6.00,9.00,0.00,20.00,3.00,1.00,3.00,1.00
TZ509,R,46350,2.00,3.00,11.00,4.00,0.00,20.00,3.00,4.00,3.00,4.00
TZ510,R,46351,7.00,5.00,6.00,2.00,0.00,20.00,2.00,3.00,2.00,3.00
TZ511,R,46352,9.00,7.00,4.00,2.00,0.00,22.00,2.00,2.00,2.00,2.00
TZ512,R,46353,2.00,6.00,9.00,1.00,0.00,18.00,3.00,3.00,3.00,3.00
TZ513,R,46354,0.00,0.00,2.00,16.00,1.00,19.00,4.00,5.00,4.00,5.00
TZ514,U,46355,0.00,0.00,0.00,7.00,14.00,21.00,5.00,3.00,5.00,3.00
TZ515,R,46356,3.00,7.00,7.00,4.00,0.00,21.00,3.00,3.00,3.00,4.00
TZ516,U,46357,0.00,0.00,2.00,16.00,2.00,20.00,4.00,2.00,4.00,2.00
TZ517,R,46358,6.00,12.00,3.00,0.00,0.00,21.00,2.00,2.00,2.00,2.00
TZ518,R,46359,7.00,7.00,5.00,3.00,0.00,22.00,2.00,3.00,2.00,3.00
TZ519,R,46360,0.00,4.00,10.00,8.00,0.00,22.00,3.00,4.00,3.00,4.00
TZ520,U,46361,1.00,1.00,5.00,10.00,1.00,18.00,4.00,2.00,4.00,1.00
TZ521,R,46362,9.00,8.00,2.00,2.00,0.00,21.00,2.00,2.00,2.00,2.00
TZ522,R,46363,6.00,9.00,4.00,2.00,0.00,21.00,2.00,2.00,2.00,2.00
TZ523,U,46364,1.00,1.00,3.00,7.00,10.00,22.00,4.00,2.00,4.00,2.00
TZ524,R,46365,8.00,6.00,8.00,0.00,0.00,22.00,2.00,3.00,2.00,3.00
TZ525,R,46366,9.00,8.00,2.00,1.00,0.00,20.00,2.00,2.00,2.00,2.00
TZ526,R,46367,7.00,7.00,5.00,2.00,0.00,21.00,2.00,3.00,2.00,2.00
TZ527,R,46368,0.00,1.00,8.00,9.00,1.00,19.00,4.00,4.00,4.00,5.00
TZ528,R,46369,0.00,0.00,1.00,18.00,3.00,22.00,4.00,5.00,4.00,5.00
TZ529,R,46370,0.00,0.00,8.00,13.00,0.00,21.00,4.00,5.00,4.00,5.00
TZ530,R,46371,0.00,0.00,3.00,17.00,1.00,21.00,4.00,5.00,4.00,5.00
TZ531,U,46372,0.00,0.00,3.00,12.00,7.00,22.00,4.00,2.00,4.00,2.00
TZ532,R,46373,1.00,0.00,1.00,15.00,5.00,22.00,4.00,5.00,4.00,5.00
TZ533,R,46374,0.00,1.00,7.00,13.00,1.00,22.00,4.00,5.00,4.00,5.00
TZ534,R,46375,1.00,2.00,10.00,8.00,1.00,22.00,3.00,4.00,3.00,4.00
TZ535,R,46376,0.00,2.00,5.00,13.00,2.00,22.00,4.00,5.00,4.00,5.00
TZ536,R,46377,1.00,2.00,5.00,13.00,1.00,22.00,4.00,4.00,4.00,5.00
TZ537,R,46378,0.00,1.00,3.00,11.00,7.00,22.00,4.00,5.00,4.00,5.00
TZ538,U,46379,0.00,1.00,0.00,7.00,14.00,22.00,5.00,3.00,5.00,3.00
TZ539,R,46380,0.00,0.00,4.00,14.00,4.00,22.00,4.00,5.00,4.00,5.00
TZ540,R,46381,1.00,5.00,5.00,8.00,3.00,22.00,3.00,4.00,4.00,5.00
TZ541,R,46382,0.00,1.00,7.00,13.00,1.00,22.00,4.00,4.00,4.00,5.00
TZ542,R,46383,0.00,0.00,5.00,15.00,1.00,21.00,4.00,5.00,4.00,5.00
TZ543,R,46384,0.00,1.00,6.00,14.00,1.00,22.00,4.00,5.00,4.00,5.00
TZ544,R,46385,0.00,2.00,5.00,14.00,0.00,21.00,4.00,4.00,4.00,5.00
TZ545,U,46386,0.00,1.00,1.00,7.00,12.00,21.00,4.00,3.00,5.00,3.00
TZ546,R,46387,0.00,0.00,1.00,14.00,7.00,22.00,4.00,5.00,4.00,5.00
TZ547,R,46388,0.00,3.00,3.00,10.00,6.00,22.00,4.00,5.00,4.00,5.00
TZ548,R,46389,0.00,0.00,0.00,14.00,8.00,22.00,4.00,5.00,4.00,5.00
TZ549,R,46390,0.00,0.00,0.00,5.00,16.00,21.00,5.00,5.00,5.00,5.00
TZ550,R,46391,0.00,1.00,7.00,13.00,0.00,21.00,4.00,4.00,4.00,5.00
TZ551,R,46392,0.00,2.00,4.00,11.00,5.00,22.00,4.00,5.00,4.00,5.00
TZ552,R,46393,0.00,0.00,4.00,14.00,4.00,22.00,4.00,5.00,4.00,5.00
TZ553,U,46394,3.00,1.00,4.00,8.00,6.00,22.00,4.00,2.00,4.00,2.00
TZ554,R,46395,0.00,0.00,7.00,10.00,5.00,22.00,4.00,5.00,4.00,5.00
TZ555,R,46396,0.00,2.00,7.00,13.00,0.00,22.00,4.00,4.00,4.00,5.00
TZ556,R,46397,0.00,0.00,3.00,8.00,10.00,21.00,4.00,5.00,4.00,5.00
TZ557,R,46398,0.00,0.00,1.00,15.00,6.00,22.00,4.00,5.00,4.00,5.00
TZ558,U,46399,0.00,0.00,2.00,4.00,16.00,22.00,5.00,3.00,5.00,4.00
TZ559,R,46400,0.00,0.00,1.00,8.00,13.00,22.00,5.00,5.00,5.00,5.00
TZ560,R,46401,0.00,0.00,1.00,9.00,12.00,22.00,5.00,5.00,5.00,5.00
TZ561,U,46402,0.00,0.00,0.00,0.00,22.00,22.00,5.00,5.00,5.00,5.00
TZ562,R,46403,0.00,0.00,3.00,11.00,8.00,22.00,4.00,5.00,4.00,5.00
TZ563,U,46404,0.00,0.00,0.00,0.00,20.00,20.00,5.00,5.00,5.00,5.00
TZ564,U,46405,0.00,0.00,0.00,0.00,22.00,22.00,5.00,4.00,5.00,4.00
TZ565,U,46406,0.00,0.00,0.00,2.00,20.00,22.00,5.00,4.00,5.00,4.00
TZ566,U,46407,0.00,0.00,0.00,4.00,18.00,22.00,5.00,4.00,5.00,4.00
TZ567,U,46408,0.00,0.00,0.00,3.00,19.00,22.00,5.00,4.00,5.00,5.00
TZ568,U,46409,0.00,0.00,0.00,2.00,20.00,22.00,5.00,4.00,5.00,5.00
TZ569,R,46410,0.00,0.00,0.00,5.00,16.00,21.00,5.00,5.00,5.00,5.00
TZ570,U,46411,0.00,0.00,0.00,3.00,19.00,22.00,5.00,4.00,5.00,4.00
TZ571,R,46412,0.00,0.00,0.00,1.00,20.00,21.00,5.00,5.00,5.00,5.00
TZ572,R,46413,0.00,0.00,0.00,6.00,15.00,21.00,5.00,5.00,5.00,5.00
TZ573,R,46414,0.00,0.00,0.00,4.00,18.00,22.00,5.00,5.00,5.00,5.00
TZ574,R,46415,0.00,0.00,0.00,2.00,20.00,22.00,5.00,5.00,5.00,5.00
TZ575,R,46416,0.00,0.00,0.00,0.00,20.00,20.00,5.00,5.00,5.00,5.00
TZ576,R,46417,0.00,0.00,0.00,0.00,22.00,22.00,5.00,5.00,5.00,5.00
TZ577,R,46418,0.00,0.00,0.00,2.00,20.00,22.00,5.00,5.00,5.00,5.00
TZ578,R,46419,0.00,0.00,0.00,3.00,19.00,22.00,5.00,5.00,5.00,5.00
TZ579,U,46420,0.00,0.00,1.00,6.00,14.00,21.00,5.00,3.00,5.00,3.00
TZ580,R,46421,0.00,2.00,5.00,15.00,0.00,22.00,4.00,5.00,4.00,5.00
TZ581,R,46422,0.00,2.00,2.00,9.00,9.00,22.00,4.00,5.00,4.00,5.00
TZ582,R,46423,0.00,1.00,7.00,9.00,5.00,22.00,4.00,5.00,4.00,5.00
TZ583,R,46424,0.00,0.00,3.00,10.00,8.00,21.00,4.00,5.00,4.00,5.00
TZ584,R,46425,0.00,4.00,12.00,6.00,0.00,22.00,3.00,4.00,3.00,4.00
TZ585,R,46426,1.00,8.00,6.00,7.00,0.00,22.00,3.00,4.00,3.00,4.00
TZ586,U,46427,0.00,0.00,0.00,7.00,14.00,21.00,5.00,4.00,5.00,4.00
TZ587,R,46428,0.00,9.00,5.00,7.00,0.00,21.00,3.00,4.00,3.00,4.00
TZ588,R,46429,1.00,2.00,9.00,8.00,1.00,21.00,3.00,4.00,3.00,4.00
TZ589,R,46430,0.00,3.00,10.00,7.00,0.00,20.00,3.00,4.00,3.00,4.00
TZ590,R,46431,0.00,2.00,8.00,10.00,2.00,22.00,4.00,4.00,4.00,5.00
TZ591,R,46432,0.00,9.00,9.00,3.00,0.00,21.00,3.00,4.00,3.00,3.00
TZ592,R,46433,0.00,1.00,7.00,10.00,4.00,22.00,4.00,5.00,4.00,5.00
TZ593,R,46434,2.00,6.00,8.00,6.00,0.00,22.00,3.00,4.00,3.00,4.00
TZ594,R,46435,0.00,3.00,8.00,9.00,1.00,21.00,3.00,4.00,3.00,4.00
TZ595,R,46436,0.00,5.00,11.00,5.00,1.00,22.00,3.00,4.00,3.00,4.00
TZ596,R,46437,0.00,1.00,4.00,13.00,4.00,22.00,4.00,5.00,4.00,5.00
TZ597,R,46438,0.00,2.00,7.00,8.00,5.00,22.00,4.00,4.00,4.00,5.00
TZ598,R,46439,0.00,1.00,12.00,8.00,1.00,22.00,3.00,4.00,3.00,4.00
TZ599,U,46440,0.00,0.00,0.00,0.00,22.00,22.00,5.00,4.00,5.00,4.00
TZ600,R,46441,0.00,0.00,4.00,11.00,7.00,22.00,4.00,5.00,4.00,5.00
TZ601,R,46442,0.00,7.00,6.00,9.00,0.00,22.00,3.00,4.00,3.00,4.00
TZ602,R,46443,0.00,0.00,1.00,12.00,8.00,21.00,4.00,5.00,4.00,5.00
TZ603,R,46444,0.00,3.00,10.00,9.00,0.00,22.00,3.00,4.00,3.00,4.00
TZ604,R,46445,0.00,10.00,8.00,4.00,0.00,22.00,3.00,3.00,3.00,3.00
TZ605,R,46446,2.00,10.00,6.00,2.00,1.00,21.00,3.00,3.00,2.00,3.00
TZ606,R,46447,0.00,0.00,5.00,16.00,1.00,22.00,4.00,5.00,4.00,5.00
TZ607,R,46448,0.00,1.00,5.00,10.00,5.00,21.00,4.00,5.00,4.00,5.00
TZ608,U,46449,0.00,2.00,3.00,10.00,7.00,22.00,4.00,2.00,4.00,2.00
